{ "frames": [
   {
    "filename": "Run 0.aseprite",
    "frame": { "x": 0, "y": 0, "w": 160, "h": 160 },
    "rotated": false,
    "trimmed": false,
    "spriteSourceSize": { "x": 0, "y": 0, "w": 160, "h": 160 },
    "sourceSize": { "w": 160, "h": 160 },
    "duration": 100
   },
   {
    "filename": "Run 1.aseprite",
    "frame": { "x": 160, "y": 0, "w": 160, "h": 160 },
    "rotated": false,
    "trimmed": false,
    "spriteSourceSize": { "x": 0, "y": 0, "w": 160, "h": 160 },
    "sourceSize": { "w": 160, "h": 160 },
    "duration": 100
   },
   {
    "filename": "Run 2.aseprite",
    "frame": { "x": 320, "y": 0, "w": 160, "h": 160 },
    "rotated": false,
    "trimmed": false,
    "spriteSourceSize": { "x": 0, "y": 0, "w": 160, "h": 160 },
    "sourceSize": { "w": 160, "h": 160 },
    "duration": 100
   },
   {
    "filename": "Run 3.aseprite",
    "frame": { "x": 480, "y": 0, "w": 160, "h": 160 },
    "rotated": false,
    "trimmed": false,
    "spriteSourceSize": { "x": 0, "y": 0, "w": 160, "h": 160 },
    "sourceSize": { "w": 160, "h": 160 },
    "duration": 100
   },
   {
    "filename": "Run 4.aseprite",
    "frame": { "x": 640, "y": 0, "w": 160, "h": 160 },
    "rotated": false,
    "trimmed": false,
    "spriteSourceSize": { "x": 0, "y": 0, "w": 160, "h": 160 },
    "sourceSize": { "w": 160, "h": 160 },
    "duration": 100
   },
   {
    "filename": "Run 5.aseprite",
    "frame": { "x": 800, "y": 0, "w": 160, "h": 160 },
    "rotated": false,
    "trimmed": false,
    "spriteSourceSize": { "x": 0, "y": 0, "w": 160, "h": 160 },
    "sourceSize": { "w": 160, "h": 160 },
    "duration": 100
   },
   {
    "filename": "Run 6.aseprite",
    "frame": { "x": 960, "y": 0, "w": 160, "h": 160 },
    "rotated": false,
    "trimmed": false,
    "spriteSourceSize": { "x": 0, "y": 0, "w": 160, "h": 160 },
    "sourceSize": { "w": 160, "h": 160 },
    "duration": 100
   },
   {
    "filename": "Run 7.aseprite",
    "frame": { "x": 1120, "y": 0, "w": 160, "h": 160 },
    "rotated": false,
    "trimmed": false,
    "spriteSourceSize": { "x": 0, "y": 0, "w": 160, "h": 160 },
    "sourceSize": { "w": 160, "h": 160 },
    "duration": 100
   }
 ],
 "meta": {
  "app": "https://www.aseprite.org/",
  "version": "1.2.40-x64",
  "image": "Run.png",
  "format": "RGBA8888",
  "size": { "w": 1280, "h": 160 },
  "scale": "1",
  "frameTags": [
  ],
  "layers": [
   { "name": "Base" },
   { "name": "Back", "group": "Base", "opacity": 255, "blendMode": "normal" },
   { "name": "char", "group": "Base", "opacity": 255, "blendMode": "normal" },
   { "name": "pivo", "group": "Base", "opacity": 255, "blendMode": "normal" },
   { "name": "Sword-02", "group": "Base", "opacity": 255, "blendMode": "normal" }
  ],
  "slices": [
  ]
 }
}
